serialNo,tdmRequirement,scenario,equipOne,equipTwo,equipLength,pickUpFacility,pickUpFacilityIDCode,puCity,puStateCode,puPostalCode,puCountryCode,deliveryFacility,deliveryFacilityIDCode,deliveryCity,deliveryStateCode,deliveryPostalCode,deliveryCountryCode,equipCodeUI,equipLengthFt,originLocationFrist,destinationLocationFirst,equipValueFirst,lengthValueFirst,originLocationSec,destinationLocationSec,equipValueSec,lengthValueSec
1,apiData,truckMatchFAtoAL,Van,0,53,Fair Ala warehouse,FAAKW1001,Fairbanks,AK,99707,USA,Albuqu NM warehouse,ALNMW1001,Albuquerque,NM,87131,USA,V,53 ft,North Pole,South Valley,Van,53,Cantwell,Santa Rosa,Van,53
2,apiData,truckMatchFAtoAN,Reefer,0,53,Fair Ala warehouse,FAAKW1001,Fairbanks,AK,99707,USA,Anch Ala warehouse,ANAKW1001,Anchorage,AK,99507,USA,R,53 ft,North Pole,Butte,Reefer,53,Cantwell,Sterling,Reefer,53
3,apiData,truckMatchFAtoAT,Van,0,48,Fair Ala warehouse,FAAKW1001,Fairbanks,AK,99707,USA,Atlantic Georgia warehouse,ATGAW1001,Atlanta,GA,30310,USA,V,48 ft,North Pole,Riverdale,Van,48,Cantwell,Augusta,Van,48
4,apiData,truckMatchFAtoTE,Van,0,53,Fair Ala warehouse,FAAKW1001,Fairbanks,AK,99707,USA,Temp Ari warehouse,TEAZW1001,Tempe,AZ,85282,USA,V,53 ft,North Pole,Sun City,Van,53,Cantwell,Wikieup,Van,53
5,apiData,truckMatchFAtoDA,Van,0,53,Fair Ala warehouse,FAAKW1001,Fairbanks,AK,99707,USA,Dal Tex warehosue,DATXW1001,Dallas,TX,75201,USA,V,53 ft,North Pole,Irving,Van,53,Cantwell,Temple,Van,53
6,apiData,truckMatchFAtoSEVPO,Van,Power Only,53,Fair Ala warehouse,FAAKW1001,Fairbanks,AK,99707,USA,Sea Wash warehouse,SWAW1001,Seattle,WA,98112,USA,PO; V,53 ft,North Pole,Kent,Van,53,Cantwell,Yakima,Power Only,0
7,apiData,truckMatchFAtoSEV,Van,0,53,Fair Ala warehouse,FAAKW1001,Fairbanks,AK,99707,USA,Sea Wash warehouse,SWAW1001,Seattle,WA,98112,USA,V,53 ft,North Pole,Kent,Van,53,Cantwell,Yakima,Van,53
8,apiData,truckMatchFAtoSEPO,Power Only,0,0,Fair Ala warehouse,FAAKW1001,Fairbanks,AK,99707,USA,Sea Wash warehouse,SWAW1001,Seattle,WA,98112,USA,PO,0 ft,North Pole,Kent,Power Only,0,Cantwell,Yakima,Power Only,0
9,apiData,truckMatchSEtoTE,Reefer,0,48,Sea Wash warehouse,SWAW1001,Seattle,WA,98112,USA,Temp Ari warehouse,TEAZW1001,Tempe,AZ,85282,USA,R,48 ft,Kent,Sun City,Reefer,48,Yakima,Wikieup,Reefer,48
10,apiData,truckMatchSEtoAL,Van,0,53,Sea Wash warehouse,SWAW1001,Seattle,WA,98112,USA,Albuqu NM warehouse,ALNMW1001,Albuquerque,NM,87131,USA,V,53 ft,Kent,South Valley,Van,53,Yakima,Santa Rosa,Van,53
11,apiData,truckMatchSEtoAT,Van,0,53,Sea Wash warehouse,SWAW1001,Seattle,WA,98112,USA,Atlantic Georgia warehouse,ATGAW1001,Atlanta,GA,30310,USA,V,53 ft,Kent,Riverdale,Van,53,Yakima,Augusta,Van,53
12,apiData,truckMatchSEtoDA,Reefer,0,53,Sea Wash warehouse,SWAW1001,Seattle,WA,98112,USA,Dal Tex warehosue,DATXW1001,Dallas,TX,75201,USA,R,53 ft,Kent,Irving,Reefer,53,Yakima,Temple,Reefer,53
13,apiData,truckMatchSEtoFA,Reefer,0,53,Sea Wash warehouse,SWAW1001,Seattle,WA,98112,USA,Fair Ala warehouse,FAAKW1001,Fairbanks,AK,99707,USA,R,53 ft,Kent,North Pole,Reefer,53,Yakima,Cantwell,Reefer,53
14,apiData,truckMatchSEtoRE,Reefer,0,53,Sea Wash warehouse,SWAW1001,Seattle,WA,98112,USA,Reno Nev warehouse,RENMW1001,Reno,NV,89505,USA,R,53 ft,Kent,New Washoe City,Reefer,53,Yakima,Rochester,Reefer,53
15,apiData,truckMatchCHtoWA,Flatbed,0,53,Chi Illy Warehouse,CHILW1001,Chicago,IL,60611,USA,Was Alas Warehouse,WALW1001,Wasilla,AK,99629,USA,F,53 ft,Bolingbrook,Houston,Flatbed,53,Champaign,Cantwell,Flatbed,53
16,apiData,truckMatchCHtoTU,Power Only,0,0,Chi Illy Warehouse,CHILW1001,Chicago,IL,60611,USA,Tucs Ari Warehouse,TUAW1001,Tucson,AZ,85701,USA,PO,0 ft,Bolingbrook,Vail,Power Only,0,Champaign,Morenci,Power Only,0
17,apiData,truckMatchCHtoOM,Flatbed,0,53,Chi Illy Warehouse,CHILW1001,Chicago,IL,60611,USA,Oma Neb Warehouse,OMNEW1001,Omaha,NE,68106,USA,F,53 ft,Bolingbrook,Elkhorn,Flatbed,53,Champaign,Norfolk,Flatbed,53
18,apiData,truckMatchCHtoTUVPO,Van,Power Only,53,Chi Illy Warehouse,CHILW1001,Chicago,IL,60611,USA,Tucs Ari Warehouse,TUAW1001,Tucson,AZ,85701,USA,PO; V,53 ft,Bolingbrook,Vail,Van,53,Champaign,Morenci,Power Only,0
19,apiData,truckMatchCHHtoTU,Flatbed,0,53,Chap Hill Warehouse,CHW1001,Chapel Hill,NC,27515,USA,Tucs Ari Warehouse,TUAW1001,Tucson,AZ,85701,USA,F,53 ft,Durham,Vail,Flatbed,53,Charlotte,Morenci,Flatbed,53
20,apiData,truckMatchCHHtoWA,Flatbed,0,53,Chap Hill Warehouse,CHW1001,Chapel Hill,NC,27515,USA,Was Alas Warehouse,WALW1001,Wasilla,AK,99629,USA,F,53 ft,Durham,Houston,Flatbed,53,Charlotte,Cantwell,Flatbed,53
21,apiData,truckMatchCHHtoCH,Flatbed,0,43,Chap Hill Warehouse,CHW1001,Chapel Hill,NC,27515,USA,Chi Illy Warehouse,CHILW1001,Chicago,IL,60611,USA,F,43 ft,Durham,Bolingbrook,Flatbed,43,Charlotte,Champaign,Flatbed,53
22,apiData,truckMatchCHHtoRE,Power Only,0,0,Chap Hill Warehouse,CHW1001,Chapel Hill,NC,27515,USA,Reno Nev warehouse,RENMW1001,Reno,NV,89505,USA,PO,0 ft,Durham,Carson City,Power Only,0,Charlotte,Sacramento,Power Only,0
23,apiData,truckMatchCHHtoSC,Van,Reefer,53,Chap Hill Warehouse,CHW1001,Chapel Hill,NC,27515,USA,Scottsbluff Neb Warehouse,SNW1001,Scottsbluff,NE,69361,USA,R; V,53 ft,Durham,Gering,Van,53,Charlotte,Ogallala,Reefer,53
24,apiData,truckMatchCHHtoIN,Flatbed,0,53,Chap Hill Warehouse,CHW1001,Chapel Hill,NC,27515,USA,Indi Anapolis Warehouse,INANW1001,Indianapolis,IN,46201,USA,F,53 ft,Durham,Carmel,Flatbed,53,Charlotte,Fort Wayne,Flatbed,53
25,apiData,truckMatchCHHtoLA,Flatbed,0,53,Chap Hill Warehouse,CHW1001,Chapel Hill,NC,27515,USA,LA Cali Warehouse,LACW1001,Los Angeles,CA,90011,USA,F,53 ft,Durham,Santa Monica,Flatbed,53,Charlotte,San Diego,Flatbed,53
26,apiData,truckMatchCHHtoREVPO,Van,Power Only,53,Chap Hill Warehouse,CHW1001,Chapel Hill,NC,27515,USA,Reno Nev warehouse,RENMW1001,Reno,NV,89505,USA,PO; V,53 ft,Durham,Carson City,Van,53,Charlotte,Sacramento,Power Only,0
27,apiData,truckMatchSCFtoTU,Flatbed,0,43,Scottsbluff Neb Warehouse,SNW1001,Scottsbluff,NE,69361,USA,Tucs Ari Warehouse,TUAW1001,Tucson,AZ,85701,USA,F,43 ft,Gering,Vail,Flatbed,43,Ogallala,Morenci,Flatbed,43
28,apiData,truckMatchSCFtoWA,Flatbed,0,53,Scottsbluff Neb Warehouse,SNW1001,Scottsbluff,NE,69361,USA,Was Alas Warehouse,WALW1001,Wasilla,AK,99629,USA,F,53 ft,Gering,Houston,Flatbed,53,Ogallala,Cantwell,Flatbed,53
29,apiData,truckMatchSCFtoPH,Power Only,0,0,Scottsbluff Neb Warehouse,SNW1001,Scottsbluff,NE,69361,USA,Pho Ari Warehouse,PHAW1001,Phoenix,AZ,85004,USA,PO,0 ft,Gering,Chandler,Power Only,0,Ogallala,Tucson,Power Only,0
30,apiData,truckMatchSCFtoPHVPO,Van,Power Only,53,Scottsbluff Neb Warehouse,SNW1001,Scottsbluff,NE,69361,USA,Pho Ari Warehouse,PHAW1001,Phoenix,AZ,85004,USA,PO; V,53 ft,Gering,Chandler,Van,53,Ogallala,Tucson,Power Only,0
31,apiData,truckMatchSCFtoCH,Flatbed,0,53,Scottsbluff Neb Warehouse,SNW1001,Scottsbluff,NE,69361,USA,Chi Illy Warehouse,CHILW1001,Chicago,IL,60611,USA,F,53 ft,Gering,Bolingbrook,Flatbed,53,Ogallala,Champaign,Flatbed,53
32,apiData,truckMatchSCFtoLA,Flatbed,0,48,Scottsbluff Neb Warehouse,SNW1001,Scottsbluff,NE,69361,USA,LA Cali Warehouse,LACW1001,Los Angeles,CA,90011,USA,F,48 ft,Gering,Santa Monica,Flatbed,48,Ogallala,San Diego,Flatbed,48
33,apiData,truckMatchLCtoAL,Van,Reefer,53,Las NewMexi warehouse,LANMW1001,Las Cruces,NM,88006,USA,Albuqu NM warehouse,ALNMW1001,Albuquerque,NM,87131,USA,R; V,53 ft,Ruidoso,Santa Rosa,Reefer,53,Hatch,South Valley,Van,53
34,apiData,truckMatchLCtoSC,Van,Reefer,53,Las NewMexi warehouse,LANMW1001,Las Cruces,NM,88006,USA,Scotts Ari warehouse,SCAZW1001,Scottsdale,AZ,85255,USA,R; V,53 ft,Ruidoso,Chino Valley,Reefer,53,Hatch,Gilbert,Van,53
35,apiData,truckMatchLCtoPO,Power Only,0,0,Las NewMexi warehouse,LANMW1001,Las Cruces,NM,88006,USA,Port Land Warehouse,POLAW1001,Portland,OR,97202,USA,PO,0 ft,Ruidoso,Eugene,Power Only,0,Hatch,Hillsboro,Power Only,0
36,apiData,truckMatchLCtoPOVPO,Van,Power Only,53,Las NewMexi warehouse,LANMW1001,Las Cruces,NM,88006,USA,Port Land Warehouse,POLAW1001,Portland,OR,97202,USA,PO; V,53 ft,Ruidoso,Eugene,Van,53,Hatch,Hillsboro,Power Only,0
37,apiData,truckMatchLCtoSI,Van,0,40,Las NewMexi warehouse,LANMW1001,Las Cruces,NM,88006,USA,Sitka Ala warehouse,SIAKW1001,Sitka,AK,99835,USA,V,40 ft,Ruidoso,Craig,Van,40,Hatch,Thane,Van,40
38,apiData,truckMatchLCtoSB,Van,Reefer,53,Las NewMexi warehouse,LANMW1001,Las Cruces,NM,88006,USA,San Cali warehouse,SACAW1001,San Bernardino,CA,92405,USA,R; V,53 ft,Ruidoso,Ventura,Reefer,53,Hatch,Rancho Cucamonga,Van,53
39,apiData,truckMatchLCtoLI,Van,Reefer,53,Las NewMexi warehouse,LANMW1001,Las Cruces,NM,88006,USA,WareHouse Lincoln,WHLIN1001,Lincoln,NE,68506,USA,R; V,53 ft,Ruidoso,Kearney,Reefer,53,Hatch,Bennet,Van,53
40,apiData,truckMatchREtoAN,Van,0,53,Reno Nev warehouse,RENMW1001,Reno,NV,89505,USA,Anch Ala warehouse,ANAKW1001,Anchorage,AK,99507,USA,V,53 ft,New Washoe City,Butte,Van,53,Rochester,Sterling,Van,53
41,apiData,truckMatchREtoSC,Van,0,53,Reno Nev warehouse,RENMW1001,Reno,NV,89505,USA,Scotts Ari warehouse,SCAZW1001,Scottsdale,AZ,85255,USA,V,53 ft,New Washoe City,Gilbert,Van,53,Rochester,Chino Valley,Van,53
42,apiData,truckMatchREtoSE,Van,0,53,Reno Nev warehouse,RENMW1001,Reno,NV,89505,USA,SeattleW warehouse2,SEAW1002,Seattle,WA,98101,USA,V,53 ft,New Washoe City,Kent,Van,53,Rochester,Yakima,Van,53
43,apiData,truckMatchREtoFAVPO,Van,Power Only,53,Reno Nev warehouse,RENMW1001,Reno,NV,89505,USA,Fair Ala warehouse,FAAKW1001,Fairbanks,AK,99707,USA,PO; V,53 ft,New Washoe City,Fox,Van,53,Rochester,Healy,Power Only,0
44,apiData,truckMatchREtoBO,Reefer,0,53,Reno Nev warehouse,RENMW1001,Reno,NV,89505,USA,Warehouse Boise,WHBO1001,Boise,ID,83701,USA,R,53 ft,New Washoe City,Garden City,Reefer,53,Rochester,Twin Falls,Reefer,53
45,apiData,truckMatchREtoFA,Power Only,0,0,Reno Nev warehouse,RENMW1001,Reno,NV,89505,USA,Fair Ala warehouse,FAAKW1001,Fairbanks,AK,99707,USA,PO,0 ft,New Washoe City,Fox,Power Only,0,Rochester,Healy,Power Only,0
46,apiData,truckMatchREtoDM,Van,0,40,Reno Nev warehouse,RENMW1001,Reno,NV,89505,USA,Des Iowa warehouse,DEIAW1001,Des Moines,IA,50304,USA,V,40 ft,New Washoe City,Urbandale,Van,40,Rochester,Iowa City,Van,40
47,apiData,truckMatchREtoMI,Reefer,0,53,Reno Nev warehouse,RENMW1001,Reno,NV,89505,USA,Mia Flo warehouse,MIFLW1001,Miami,FL,33125,USA,R,53 ft,New Washoe City,Coral Gables,Reefer,53,Rochester,Vero Beach,Reefer,53
48,apiData,truckMatchDAtoAT,Van,0,53,Dal Tex warehosue,DATXW1001,Dallas,TX,75201,USA,Atlantic Georgia warehouse,ATGAW1001,Atlanta,GA,30310,USA,V,53 ft,Irving,Riverdale,Van,53,Temple,Augusta,Van,53
49,apiData,truckMatchDAtoSE,Van,0,53,Dal Tex warehosue,DATXW1001,Dallas,TX,75201,USA,SeattleW warehouse2,SEAW1002,Seattle,WA,98101,USA,V,53 ft,Irving,Kent,Van,53,Temple,Yakima,Van,53
50,apiData,truckMatchDAtoJU,Power Only,0,0,Dal Tex warehosue,DATXW1001,Dallas,TX,75201,USA,June Ala Warehouse,JALW1001,Juneau,AK,99802,USA,PO,0 ft,Irving,Thane,Power Only,0,Temple,Mosquito Lake,Power Only,0
51,apiData,truckMatchDAtoAL,Van,0,48,Dal Tex warehosue,DATXW1001,Dallas,TX,75201,USA,Albuqu NM warehouse,ALNMW1001,Albuquerque,NM,87131,USA,V,48 ft,Irving,South Valley,Van,48,Temple,Santa Rosa,Van,48
52,apiData,truckMatchDAtoTE,Van,0,53,Dal Tex warehosue,DATXW1001,Dallas,TX,75201,USA,Temp Ari warehouse,TEAZW1001,Tempe,AZ,85282,USA,V,53 ft,Irving,Sun City,Van,53,Temple,Wikieup,Van,53
53,apiData,truckMatchDAtoDM,Reefer,0,53,Dal Tex warehosue,DATXW1001,Dallas,TX,75201,USA,Des Iowa warehouse,DEIAW1001,Des Moines,IA,50304,USA,R,53 ft,Irving,Urbandale,Reefer,53,Temple,Iowa City,Reefer,53
54,apiData,truckMatchDAtoFA,Reefer,0,53,Dal Tex warehosue,DATXW1001,Dallas,TX,75201,USA,Fair Ala warehouse,FAAKW1001,Fairbanks,AK,99707,USA,R,53 ft,Irving,North Pole,Reefer,53,Temple,Cantwell,Reefer,53
55,apiData,truckMatchDAtoJUVPO,Van,Power Only,53,Dal Tex warehosue,DATXW1001,Dallas,TX,75201,USA,June Ala Warehouse,JALW1001,Juneau,AK,99802,USA,PO; V,53 ft,Irving,Thane,Van,53,Temple,Mosquito Lake,Power Only,0
56,apiData,truckMatchMEtoSC,Van,Reefer,53,Mesa Ari warehouse,MEAZW1001,Mesa,AZ,85211,USA,Scotts Ari warehouse,SCAZW1001,Scottsdale,AZ,85255,USA,R; V,53 ft,Sedona,Chino Valley,Van,53,Chandler,Gilbert,Reefer,53
57,apiData,truckMatchMEtoSI,Van,0,43,Mesa Ari warehouse,MEAZW1001,Mesa,AZ,85211,USA,Sitka Ala warehouse,SIAKW1001,Sitka,AK,99835,USA,V,43 ft,Sedona,Thane,Van,43,Chandler,Craig,Van,43
58,apiData,truckMatchMEtoTA,Van,Reefer,48,Mesa Ari warehouse,MEAZW1001,Mesa,AZ,85211,USA,Talla Flo warehouse,TAFLW1001,Tallahassee,FL,32306,USA,R; V,48 ft,Sedona,Gainesville,Reefer,48,Chandler,Wakulla Springs,Van,48
59,apiData,truckMatchMEtoSB,Van,Reefer,53,Mesa Ari warehouse,MEAZW1001,Mesa,AZ,85211,USA,San Cali warehouse,SACAW1001,San Bernardino,CA,92405,USA,R; V,53 ft,Sedona,Ventura,Reefer,53,Chandler,Rancho Cucamonga,Van,53
60,apiData,truckMatchMEtoLC,Van,Reefer,53,Mesa Ari warehouse,MEAZW1001,Mesa,AZ,85211,USA,Las NewMexi warehouse,LANMW1001,Las Cruces,NM,88006,USA,R; V,53 ft,Sedona,Ruidoso,Reefer,53,Chandler,Hatch,Van,53
61,apiData,truckMatchMEtoDA,Power Only,0,0,Mesa Ari warehouse,MEAZW1001,Mesa,AZ,85211,USA,Dal Tex warehosue,DATXW1001,Dallas,TX,75201,USA,PO,0 ft,Sun City,Irving,Power Only,0,Wikieup,Temple,Power Only,0
62,apiData,truckMatchMEtoLI,Van,Reefer,53,Mesa Ari warehouse,MEAZW1001,Mesa,AZ,85211,USA,WareHouse Lincoln,WHLIN1001,Lincoln,NE,68506,USA,R; V,53 ft,Sedona,Kearney,Reefer,53,Chandler,Bennet,Van,53
63,apiData,truckMatchMEtoDAVPO,Van,Power Only,53,Mesa Ari warehouse,MEAZW1001,Mesa,AZ,85211,USA,Dal Tex warehosue,DATXW1001,Dallas,TX,75201,USA,PO; V,53 ft,Sun City,Irving,Van,53,Wikieup,Temple,Power Only,0
64,apiData,truckMatchTAtoSC,Van,Reefer,53,Talla Flo warehouse,TAFLW1001,Tallahassee,FL,32306,USA,Scotts Ari warehouse,SCAZW1001,Scottsdale,AZ,85255,USA,R; V,53 ft,Gainesville,Chino Valley,Reefer,53,Wakulla Springs,Gilbert,Van,53
65,apiData,truckMatchTAtoSCPO,Power Only,0,0,Talla Flo warehouse,TAFLW1001,Tallahassee,FL,32306,USA,Scotts Ari warehouse,SCAZW1001,Scottsdale,AZ,85255,USA,PO,0 ft,Gainesville,Chino Valley,Power Only,0,Wakulla Springs,Gilbert,Power Only,0
66,apiData,truckMatchTAtoTE,Power Only,0,0,Talla Flo warehouse,TAFLW1001,Tallahassee,FL,32306,USA,Temp Ari warehouse,TEAZW1001,Tempe,AZ,85282,USA,PO,0 ft,Crawfordville,Gilbert,Power Only,0,Gainesville,Chino Valley,Power Only,0
67,apiData,truckMatchTAtoSB,Van,Reefer,53,Talla Flo warehouse,TAFLW1001,Tallahassee,FL,32306,USA,San Cali warehouse,SACAW1001,San Bernardino,CA,92405,USA,R; V,53 ft,Gainesville,Ventura,Reefer,53,Wakulla Springs,Rancho Cucamonga,Van,53
68,apiData,truckMatchTAtoAL,Van,Reefer,53,Talla Flo warehouse,TAFLW1001,Tallahassee,FL,32306,USA,Albuqu NM warehouse,ALNMW1001,Albuquerque,NM,87131,USA,R; V,53 ft,Gainesville,Santa Rosa,Reefer,53,Wakulla Springs,South Valley,Van,53
69,apiData,truckMatchTAtoSI,Van,0,40,Talla Flo warehouse,TAFLW1001,Tallahassee,FL,32306,USA,Sitka Ala warehouse,SIAKW1001,Sitka,AK,99835,USA,V,40 ft,Gainesville,Craig,Van,40,Wakulla Springs,Thane,Van,40
70,apiData,truckMatchTAtoSCVPO,Van,Power Only,53,Talla Flo warehouse,TAFLW1001,Tallahassee,FL,32306,USA,Scotts Ari warehouse,SCAZW1001,Scottsdale,AZ,85255,USA,PO; V,53 ft,Gainesville,Chino Valley,Power Only,0,Wakulla Springs,Gilbert,Van,53
71,apiData,truckMatchTAtoMI,Van,Reefer,48,Talla Flo warehouse,TAFLW1001,Tallahassee,FL,32306,USA,Mia Flo warehouse,MIFLW1001,Miami,FL,33125,USA,R; V,48 ft,Gainesville,Vero Beach,Reefer,48,Wakulla Springs,Coral Gables,Van,48
72,apiData,truckMatchTAtoTEVPO,Van,Power Only,53,Talla Flo warehouse,TAFLW1001,Tallahassee,FL,32306,USA,Temp Ari warehouse,TEAZW1001,Tempe,AZ,85282,USA,PO; V,53 ft,Crawfordville,Gilbert,Van,53,Gainesville,Chino Valley,Power Only,0
73,apiData,truckMatchTAtoOM,Van,Reefer,53,Talla Flo warehouse,TAFLW1001,Tallahassee,FL,32306,USA,Oma Neb Warehouse,OMNEW1001,Omaha,NE,68106,USA,R; V,53 ft,Gainesville,Norfolk,Reefer,53,Wakulla Springs,Elkhorn,Van,53
74,apiData,truckMatchTEtoSE,Van,0,48,Temp Ari warehouse,TEAZW1001,Tempe,AZ,85282,USA,SeattleW warehouse2,SEAW1002,Seattle,WA,98101,USA,V,48 ft,Sun City,Kent,Van,48,Wikieup,Yakima,Van,48
75,apiData,truckMatchTEtoMI,Power Only,0,0,Temp Ari warehouse,TEAZW1001,Tempe,AZ,85282,USA,Mia Flo warehouse,MIFLW1001,Miami,FL,33125,USA,PO,0 ft,Gilbert,Coral Gables,Power Only,0,Chino Valley,Vero Beach,Power Only,0
76,apiData,truckMatchTEtoAL,Van,0,53,Temp Ari warehouse,TEAZW1001,Tempe,AZ,85282,USA,Albuqu NM warehouse,ALNMW1001,Albuquerque,NM,87131,USA,V,53 ft,Sun City,South Valley,Van,53,Wikieup,Santa Rosa,Van,53
77,apiData,truckMatchTEtoAT,Van,0,53,Temp Ari warehouse,TEAZW1001,Tempe,AZ,85282,USA,Atlantic Georgia warehouse,ATGAW1001,Atlanta,GA,30310,USA,V,53 ft,Sun City,Riverdale,Van,53,Wikieup,Augusta,Van,53
78,apiData,truckMatchTEtoSC,Reefer,0,53,Temp Ari warehouse,TEAZW1001,Tempe,AZ,85282,USA,Scotts Ari warehouse,SCAZW1001,Scottsdale,AZ,85255,USA,R,53 ft,Gilbert,Sun City,Reefer,53,Chino Valley,Wikieup,Reefer,53
79,apiData,truckMatchTEtoDA,Reefer,0,53,Temp Ari warehouse,TEAZW1001,Tempe,AZ,85282,USA,Dal Tex warehosue,DATXW1001,Dallas,TX,75201,USA,R,53 ft,Sun City,Irving,Reefer,53,Wikieup,Temple,Reefer,53
80,apiData,truckMatchTEtoFA,Reefer,0,53,Temp Ari warehouse,TEAZW1001,Tempe,AZ,85282,USA,Fair Ala warehouse,FAAKW1001,Fairbanks,AK,99707,USA,R,53 ft,Sun City,North Pole,Reefer,53,Wikieup,Cantwell,Reefer,53
81,apiData,truckMatchTEtoMIVPO,Van,Power Only,53,Temp Ari warehouse,TEAZW1001,Tempe,AZ,85282,USA,Mia Flo warehouse,MIFLW1001,Miami,FL,33125,USA,PO; V,53 ft,Gilbert,Coral Gables,Van,53,Chino Valley,Vero Beach,Power Only,0
82,apiData,truckMatchLItoSI,Van,0,43,WareHouse Lincoln,WHLIN1001,Lincoln,NE,68506,USA,Sitka Ala warehouse,SIAKW1001,Sitka,AK,99835,USA,V,43 ft,Bennet,Thane,Van,43,Kearney,Craig,Van,43
83,apiData,truckMatchLItoTAPO,Power Only,0,0,WareHouse Lincoln,WHLIN1001,Lincoln,NE,68506,USA,Talla Flo warehouse,TAFLW1001,Tallahassee,FL,32306,USA,PO,0 ft,Bennet,Wakulla Springs,Power Only,0,Kearney,Gainesville,Power Only,0
84,apiData,truckMatchLItoAL,Van,Reefer,53,WareHouse Lincoln,WHLIN1001,Lincoln,NE,68506,USA,Albuqu NM warehouse,ALNMW1001,Albuquerque,NM,87131,USA,R; V,53 ft,Bennet,South Valley,Van,53,Kearney,Santa Rosa,Reefer,53
85,apiData,truckMatchLItoSC,Van,Reefer,53,WareHouse Lincoln,WHLIN1001,Lincoln,NE,68506,USA,Scotts Ari warehouse,SCAZW1001,Scottsdale,AZ,85255,USA,R; V,53 ft,Bennet,Gilbert,Van,53,Kearney,Chino Valley,Reefer,53
86,apiData,truckMatchLItoTA,Van,Reefer,48,WareHouse Lincoln,WHLIN1001,Lincoln,NE,68506,USA,Talla Flo warehouse,TAFLW1001,Tallahassee,FL,32306,USA,R; V,48 ft,Bennet,Wakulla Springs,Van,48,Kearney,Gainesville,Reefer,48
87,apiData,truckMatchLItoOM,Van,Reefer,53,WareHouse Lincoln,WHLIN1001,Lincoln,NE,68506,USA,Oma Neb Warehouse,OMNEW1001,Omaha,NE,68106,USA,R; V,53 ft,Bennet,Elkhorn,Van,53,Kearney,Norfolk,Reefer,53
88,apiData,truckMatchLItoTAVPO,Van,Power Only,53,WareHouse Lincoln,WHLIN1001,Lincoln,NE,68506,USA,Talla Flo warehouse,TAFLW1001,Tallahassee,FL,32306,USA,PO; V,53 ft,Bennet,Wakulla Springs,Van,53,Kearney,Gainesville,Power Only,0
89,apiData,truckMatchLItoSB,Van,Reefer,53,WareHouse Lincoln,WHLIN1001,Lincoln,NE,68506,USA,San Cali warehouse,SACAW1001,San Bernardino,CA,92405,USA,R; V,53 ft,Bennet,Rancho Cucamonga,Van,53,Kearney,Ventura,Reefer,53
90,apiData,truckMatchSBtoTA,Van,Reefer,48,San Cali warehouse,SACAW1001,San Bernardino,CA,92405,USA,Talla Flo warehouse,TAFLW1001,Tallahassee,FL,32306,USA,R; V,48 ft,Ventura,Gainesville,Reefer,48,Rancho Cucamonga,Wakulla Springs,Van,48
91,apiData,truckMatchSBtoSI,Van,0,40,San Cali warehouse,SACAW1001,San Bernardino,CA,92405,USA,Sitka Ala warehouse,SIAKW1001,Sitka,AK,99835,USA,V,40 ft,Ventura,Craig,Van,40,Rancho Cucamonga,Thane,Van,40
92,apiData,truckMatchSBtoLC,Van,Reefer,53,San Cali warehouse,SACAW1001,San Bernardino,CA,92405,USA,Las NewMexi warehouse,LANMW1001,Las Cruces,NM,88006,USA,R; V,53 ft,Ventura,Ruidoso,Reefer,53,Rancho Cucamonga,Hatch,Van,53
93,apiData,truckMatchSBtoCH,Power Only,0,0,San Cali warehouse,SACAW1001,San Bernardino,CA,92405,USA,Chap Hill Warehouse,CHW1001,Chapel Hill,NC,27515,USA,PO,0 ft,Fullerton,Durham,Power Only,0,San Diego,Charlotte,Power Only,0
94,apiData,truckMatchSBtoCHVPO,Van,Power Only,53,San Cali warehouse,SACAW1001,San Bernardino,CA,92405,USA,Chap Hill Warehouse,CHW1001,Chapel Hill,NC,27515,USA,PO; V,53 ft,Fullerton,Durham,Van,53,San Diego,Charlotte,Power Only,0
95,apiData,truckMatchSBtoLI,Van,Reefer,53,San Cali warehouse,SACAW1001,San Bernardino,CA,92405,USA,WareHouse Lincoln,WHLIN1001,Lincoln,NE,68506,USA,R; V,53 ft,Ventura,Kearney,Reefer,53,Rancho Cucamonga,Bennet,Van,53
96,apiData,truckMatchSBtoME,Van,Reefer,53,San Cali warehouse,SACAW1001,San Bernardino,CA,92405,USA,Mesa Ari warehouse,MEAZW1001,Mesa,AZ,85211,USA,R; V,53 ft,Ventura,Sedona,Reefer,53,Rancho Cucamonga,Chandler,Van,53
97,apiData,truckMatchWAtoCH,Power Only,0,0,Was Alas Warehouse,WALW1001,Wasilla,AK,99629,USA,Chi Illy Warehouse,CHILW1001,Chicago,IL,60611,USA,PO,0 ft,Houston,Bolingbrook,Power Only,0,Cantwell,Champaign,Power Only,0
98,apiData,truckMatchWAtoCHVPO,Van,Power Only,53,Was Alas Warehouse,WALW1001,Wasilla,AK,99629,USA,Chi Illy Warehouse,CHILW1001,Chicago,IL,60611,USA,PO; V,53 ft,Houston,Bolingbrook,Van,53,Cantwell,Champaign,Power Only,0
99,apiData,truckMatchWAtoJU,Flatbed,0,53,Was Alas Warehouse,WALW1001,Wasilla,AK,99629,USA,June Ala Warehouse,JALW1001,Juneau,AK,99802,USA,F,53 ft,Anchorage,Haines,Flatbed,53,Willow,Mosquito Lake,Flatbed,53
100,apiData,truckMatchLAtoWA,Flatbed,0,53,LA Cali Warehouse,LACW1001,Los Angeles,CA,90011,USA,Was Alas Warehouse,WALW1001,Wasilla,AK,99629,USA,F,53 ft,Santa Monica,Houston,Flatbed,53,San Diego,Cantwell,Flatbed,53
101,apiData,truckMatchLAtoSC,Power Only,0,0,LA Cali Warehouse,LACW1001,Los Angeles,CA,90011,USA,Scotts Ari warehouse,SCAZW1001,Scottsdale,AZ,85255,USA,PO,0 ft,Santa Monica,Vail,Power Only,0,San Diego,Chandler,Power Only,0
102,apiData,truckMatchLAtoSB,Van,Reefer,53,LA Cali Warehouse,LACW1001,Los Angeles,CA,90011,USA,San Cali warehouse,SACAW1001,San Bernardino,CA,92405,USA,R; V,53 ft,Santa Monica,Rancho Cucamonga,Van,53,San Diego,Ventura,Reefer,53
103,apiData,truckMatchLAtoCH,Flatbed,0,53,LA Cali Warehouse,LACW1001,Los Angeles,CA,90011,USA,Chi Illy Warehouse,CHILW1001,Chicago,IL,60611,USA,F,53 ft,Santa Monica,Bolingbrook,Flatbed,53,San Diego,Champaign,Flatbed,53
104,apiData,truckMatchLAtoSCVPO,Van,Power Only,53,LA Cali Warehouse,LACW1001,Los Angeles,CA,90011,USA,Scotts Ari warehouse,SCAZW1001,Scottsdale,AZ,85255,USA,PO; V,53 ft,Santa Monica,Chandler,Van,53,San Diego,Vail,Power Only,0
105,apiData,truckMatchLAtoPO,Flatbed,0,53,LA Cali Warehouse,LACW1001,Los Angeles,CA,90011,USA,Port Land Warehouse,POLAW1001,Portland,OR,97202,USA,F,53 ft,Hollywood,Hillsboro,Flatbed,53,San Diego,Eugene,Flatbed,53
106,apiData,truckMatchALtoATPO,Power Only,0,0,Albuqu NM warehouse,ALNMW1001,Albuquerque,NM,87131,USA,Atlantic Georgia warehouse,ATGAW1001,Atlanta,GA,30310,USA,PO,0 ft,South Valley,Riverdale,Power Only,0,Santa Rosa,Augusta,Power Only,0
107,apiData,truckMatchALtoATVPO,Van,Power Only,53,Albuqu NM warehouse,ALNMW1001,Albuquerque,NM,87131,USA,Atlantic Georgia warehouse,ATGAW1001,Atlanta,GA,30310,USA,PO; V,53 ft,South Valley,Riverdale,Van,53,Santa Rosa,Augusta,Power Only,0
108,apiData,truckMatchALtoDA,Reefer,0,53,Albuqu NM warehouse,ALNMW1001,Albuquerque,NM,87131,USA,Dal Tex warehosue,DATXW1001,Dallas,TX,75201,USA,R,53 ft,South Valley,Irving,Reefer,53,Santa Rosa,Temple,Reefer,53
109,apiData,truckMatchALtoSE,Reefer,0,53,Albuqu NM warehouse,ALNMW1001,Albuquerque,NM,87131,USA,SeattleW warehouse2,SEAW1002,Seattle,WA,98101,USA,R,53 ft,South Valley,Kent,Reefer,53,Santa Rosa,Yakima,Reefer,53
110,apiData,truckMatchALtoFA,Reefer,0,53,Albuqu NM warehouse,ALNMW1001,Albuquerque,NM,87131,USA,Fair Ala warehouse,FAAKW1001,Fairbanks,AK,99707,USA,R,53 ft,South Valley,North Pole,Reefer,53,Santa Rosa,Cantwell,Reefer,53
111,apiData,truckMatchALtoAT,Van,0,53,Albuqu NM warehouse,ALNMW1001,Albuquerque,NM,87131,USA,Atlantic Georgia warehouse,ATGAW1001,Atlanta,GA,30310,USA,V,53 ft,South Valley,Riverdale,Van,53,Santa Rosa,Augusta,Van,53
112,apiData,truckMatchALtoTE,Reefer,0,48,Albuqu NM warehouse,ALNMW1001,Albuquerque,NM,87131,USA,Temp Ari warehouse,TEAZW1001,Tempe,AZ,85282,USA,R,48 ft,South Valley,Sun City,Reefer,48,Santa Rosa,Wikieup,Reefer,48
113,apiData,truckMatchALtoBO,Van,0,53,Albuqu NM warehouse,ALNMW1001,Albuquerque,NM,87131,USA,Warehouse Boise,WHBO1001,Boise,ID,83701,USA,V,53 ft,South Valley,Garden City,Van,53,Santa Rosa,Twin Falls,Van,53
114,apiData,truckMatchPOtoOM,Power Only,0,0,Port Land Warehouse,POLAW1001,Portland,OR,97202,USA,Oma Neb Warehouse,OMNEW1001,Omaha,NE,68106,USA,PO,0 ft,Hillsboro,Waverly,Power Only,0,Eugene,Norfolk,Power Only,0
115,apiData,truckMatchPOtoOMVPO,Van,Power Only,53,Port Land Warehouse,POLAW1001,Portland,OR,97202,USA,Oma Neb Warehouse,OMNEW1001,Omaha,NE,68106,USA,PO; V,53 ft,Hillsboro,Waverly,Van,53,Eugene,Norfolk,Power Only,0
116,apiData,truckMatchPOtoHEVPO,Van,Power Only,53,Port Land Warehouse,POLAW1001,Portland,OR,97202,USA,Helen Montana warehouse,HMTW1001,Helena,MT,59601,USA,PO; V,53 ft,Hillsboro,Clancy,Van,53,Eugene,Loma,Power Only,0
117,apiData,truckMatchPOtoHEPO,Power Only,0,0,Port Land Warehouse,POLAW1001,Portland,OR,97202,USA,Helen Montana warehouse,HMTW1001,Helena,MT,59601,USA,PO,0 ft,Hillsboro,Clancy,Power Only,0,Eugene,Loma,Power Only,0
118,apiData,truckMatchPOtoHE,Flatbed,0,53,Port Land Warehouse,POLAW1001,Portland,OR,97202,USA,Helen Montana warehouse,HMTW1001,Helena,MT,59601,USA,F,53 ft,Hillsboro,Clancy,Flatbed,53,Eugene,Loma,Flatbed,53
119,apiData,truckMatchPOtoIN,Flatbed,0,53,Port Land Warehouse,POLAW1001,Portland,OR,97202,USA,Indi Anapolis Warehouse,INANW1001,Indianapolis,IN,46201,USA,F,53 ft,Salem,Greenwood,Flatbed,53,Eugene,Fort Wayne,Flatbed,53
120,apiData,truckMatchPHtoAL,Power Only,0,0,Pho Ari Warehouse,PHAW1001,Phoenix,AZ,85004,USA,Albuqu NM warehouse,ALNMW1001,Albuquerque,NM,87131,USA,PO,0 ft,Sun City,South Valley,Power Only,0,Wikieup,Santa Rosa,Power Only,0
121,apiData,truckMatchPHtoHE,Flatbed,0,53,Pho Ari Warehouse,PHAW1001,Phoenix,AZ,85004,USA,Helen Montana warehouse,HMTW1001,Helena,MT,59601,USA,F,53 ft,Surprise,Clancy,Flatbed,53,Flagstaff,Loma,Flatbed,53
122,apiData,truckMatchPHtoIN,Flatbed,0,53,Pho Ari Warehouse,PHAW1001,Phoenix,AZ,85004,USA,Indi Anapolis Warehouse,INANW1001,Indianapolis,IN,46201,USA,F,53 ft,Paradise Valley,Carmel,Flatbed,53,Flagstaff,Fort Wayne,Flatbed,53
123,apiData,truckMatchPHtoALVPO,Van,Power Only,53,Pho Ari Warehouse,PHAW1001,Phoenix,AZ,85004,USA,Albuqu NM warehouse,ALNMW1001,Albuquerque,NM,87131,USA,PO; V,53 ft,Sun City,South Valley,Van,53,Wikieup,Santa Rosa,Power Only,0
124,apiData,truckMatchPHtoPO,Flatbed,0,53,Pho Ari Warehouse,PHAW1001,Phoenix,AZ,85004,USA,Port Land Warehouse,POLAW1001,Portland,OR,97202,USA,F,53 ft,Surprise,Hillsboro,Flatbed,53,Flagstaff,Eugene,Flatbed,53
125,apiData,truckMatchATtoFA,Reefer,0,53,Atlantic Georgia warehouse,ATGAW1001,Atlanta,GA,30310,USA,Fair Ala warehouse,FAAKW1001,Fairbanks,AK,99707,USA,R,53 ft,Riverdale,North Pole,Reefer,53,Augusta,Cantwell,Reefer,53
126,apiData,truckMatchATtoSE,Reefer,0,53,Atlantic Georgia warehouse,ATGAW1001,Atlanta,GA,30310,USA,SeattleW warehouse2,SEAW1002,Seattle,WA,98101,USA,R,53 ft,Riverdale,Kent,Reefer,53,Augusta,Yakima,Reefer,53
127,apiData,truckMatchATtoTE,Reefer,0,53,Atlantic Georgia warehouse,ATGAW1001,Atlanta,GA,30310,USA,Temp Ari warehouse,TEAZW1001,Tempe,AZ,85282,USA,R,53 ft,Riverdale,Sun City,Reefer,53,Augusta,Wikieup,Reefer,53
128,apiData,truckMatchATtoAL,Reefer,0,53,Atlantic Georgia warehouse,ATGAW1001,Atlanta,GA,30310,USA,Albuqu NM warehouse,ALNMW1001,Albuquerque,NM,87131,USA,R,53 ft,Riverdale,South Valley,Reefer,53,Augusta,Santa Rosa,Reefer,53
129,apiData,truckMatchATtoDA,Reefer,0,48,Atlantic Georgia warehouse,ATGAW1001,Atlanta,GA,30310,USA,Dal Tex warehosue,DATXW1001,Dallas,TX,75201,USA,R,48 ft,Riverdale,Irving,Reefer,48,Augusta,Temple,Reefer,48
130,apiData,truckMatchATtoMI,Reefer,0,53,Atlantic Georgia warehouse,ATGAW1001,Atlanta,GA,30310,USA,Mia Flo warehouse,MIFLW1001,Miami,FL,33125,USA,R,53 ft,Riverdale,Coral Gables,Reefer,53,Augusta,Vero Beach,Reefer,53
131,apiData,truckMatchMItoFA,Power Only,0,0,Mia Flo warehouse,MIFLW1001,Miami,FL,33125,USA,Fair Ala warehouse,FAAKW1001,Fairbanks,AK,99707,USA,PO,0 ft,Coral Gables,North Pole,Power Only,0,Vero Beach,Cantwell,Power Only,0
132,apiData,truckMatchMItoRE,Van,0,53,Mia Flo warehouse,MIFLW1001,Miami,FL,33125,USA,Reno Nev warehouse,RENMW1001,Reno,NV,89505,USA,V,53 ft,Coral Gables,New Washoe City,Van,53,Vero Beach,Rochester,Van,53
133,apiData,truckMatchMItoAN,Van,0,53,Mia Flo warehouse,MIFLW1001,Miami,FL,33125,USA,Anch Ala warehouse,ANAKW1001,Anchorage,AK,99507,USA,V,53 ft,Coral Gables,Butte,Van,53,Vero Beach,Sterling,Van,53
134,apiData,truckMatchMItoAT,Van,0,53,Mia Flo warehouse,MIFLW1001,Miami,FL,33125,USA,Atlantic Georgia warehouse,ATGAW1001,Atlanta,GA,30310,USA,V,53 ft,Coral Gables,Riverdale,Van,53,Vero Beach,Augusta,Van,53
135,apiData,truckMatchMItoSC,Van,0,40,Mia Flo warehouse,MIFLW1001,Miami,FL,33125,USA,Scotts Ari warehouse,SCAZW1001,Scottsdale,AZ,85255,USA,V,40 ft,Coral Gables,Gilbert,Van,40,Vero Beach,Chino Valley,Van,40
136,apiData,truckMatchMItoBO,Van,0,53,Mia Flo warehouse,MIFLW1001,Miami,FL,33125,USA,Warehouse Boise,WHBO1001,Boise,ID,83701,USA,V,53 ft,Coral Gables,Garden City,Van,53,Vero Beach,Twin Falls,Van,53
137,apiData,truckMatchMItoDM,Van,0,53,Mia Flo warehouse,MIFLW1001,Miami,FL,33125,USA,Des Iowa warehouse,DEIAW1001,Des Moines,IA,50304,USA,V,53 ft,Coral Gables,Urbandale,Van,53,Vero Beach,Iowa City,Van,53
138,apiData,truckMatchMItoFAVPO,Van,Power Only,53,Mia Flo warehouse,MIFLW1001,Miami,FL,33125,USA,Fair Ala warehouse,FAAKW1001,Fairbanks,AK,99707,USA,PO; V,53 ft,Coral Gables,North Pole,Van,53,Vero Beach,Cantwell,Power Only,0
139,apiData,truckMatchSCtoSB,Power Only,0,0,Scotts Ari warehouse,SCAZW1001,Scottsdale,AZ,85255,USA,San Cali warehouse,SACAW1001,San Bernardino,CA,92405,USA,PO,0 ft,Chandler,Rancho Cucamonga,Power Only,0,Sedona,Ventura,Power Only,0
140,apiData,truckMatchSCtoAN,Van,0,53,Scotts Ari warehouse,SCAZW1001,Scottsdale,AZ,85255,USA,Anch Ala warehouse,ANAKW1001,Anchorage,AK,99507,USA,V,53 ft,Gilbert,Butte,Van,53,Chino Valley,Sterling,Van,53
141,apiData,truckMatchSCtoTE,Van,0,53,Scotts Ari warehouse,SCAZW1001,Scottsdale,AZ,85255,USA,Temp Ari warehouse,TEAZW1001,Tempe,AZ,85282,USA,V,53 ft,Sun City,Gilbert,Van,53,Wikieup,Chino Valley,Van,53
142,apiData,truckMatchSCtoBO,Reefer,0,53,Scotts Ari warehouse,SCAZW1001,Scottsdale,AZ,85255,USA,Warehouse Boise,WHBO1001,Boise,ID,83701,USA,R,53 ft,Gilbert,Garden City,Reefer,53,Chino Valley,Twin Falls,Reefer,53
143,apiData,truckMatchSCtoDM,Van,0,43,Scotts Ari warehouse,SCAZW1001,Scottsdale,AZ,85255,USA,Des Iowa warehouse,DEIAW1001,Des Moines,IA,50304,USA,V,43 ft,Scottsdale,Urbandale,Van,43,Chino Valley,Iowa City,Van,43
144,apiData,truckMatchSCtoMI,Reefer,0,53,Scotts Ari warehouse,SCAZW1001,Scottsdale,AZ,85255,USA,Mia Flo warehouse,MIFLW1001,Miami,FL,33125,USA,R,53 ft,Gilbert,Coral Gables,Reefer,53,Chino Valley,Vero Beach,Reefer,53
145,apiData,truckMatchSCtoSBVPO,Van,Power Only,53,Scotts Ari warehouse,SCAZW1001,Scottsdale,AZ,85255,USA,San Cali warehouse,SACAW1001,San Bernardino,CA,92405,USA,PO; V,53 ft,Chandler,Rancho Cucamonga,Van,53,Sedona,Ventura,Power Only,0
146,apiData,truckMatchSCtoRE,Reefer,0,53,Scotts Ari warehouse,SCAZW1001,Scottsdale,AZ,85255,USA,Reno Nev warehouse,RENMW1001,Reno,NV,89505,USA,R,53 ft,Gilbert,New Washoe City,Reefer,53,Gilbert,Reno,Reefer,53
147,apiData,truckMatchOMtoHE,Flatbed,0,53,Oma Neb Warehouse,OMNEW1001,Omaha,NE,68106,USA,Helen Montana warehouse,HMTW1001,Helena,MT,59601,USA,F,53 ft,Lincoln,Clancy,Flatbed,53,Norfolk,Loma,Flatbed,53
150,apiData,truckMatchOMtoPH,Flatbed,0,53,Oma Neb Warehouse,OMNEW1001,Omaha,NE,68106,USA,Pho Ari Warehouse,PHAW1001,Phoenix,AZ,85004,USA,F,53 ft,Lincoln,Paradise Valley,Flatbed,53,Norfolk,Flagstaff,Flatbed,53
151,apiData,truckMatchOMtoPO,Flatbed,0,48,Oma Neb Warehouse,OMNEW1001,Omaha,NE,68106,USA,Port Land Warehouse,POLAW1001,Portland,OR,97202,USA,F,48 ft,Lincoln,Hillsboro,Flatbed,48,Norfolk,Eugene,Flatbed,48
152,apiData,truckMatchANtoTAVPO,Van,Power Only,53,Anch Ala warehouse,ANAKW1001,Anchorage,AK,99507,USA,Talla Flo warehouse,TAFLW1001,Tallahassee,FL,32306,USA,PO; V,53 ft,Wasilla,Gainesville,Van,53,Silver Springs,Wakulla Springs,Power Only,0
153,apiData,truckMatchANtoRE,Reefer,0,53,Anch Ala warehouse,ANAKW1001,Anchorage,AK,99507,USA,Reno Nev warehouse,RENMW1001,Reno,NV,89505,USA,R,53 ft,Butte,New Washoe City,Reefer,53,Sterling,Rochester,Reefer,53
154,apiData,truckMatchANtoSC,Reefer,0,53,Anch Ala warehouse,ANAKW1001,Anchorage,AK,99507,USA,Scotts Ari warehouse,SCAZW1001,Scottsdale,AZ,85255,USA,R,53 ft,Butte,Gilbert,Reefer,53,Sterling,Chino Valley,Reefer,53
155,apiData,truckMatchANtoBO,Reefer,0,43,Anch Ala warehouse,ANAKW1001,Anchorage,AK,99507,USA,Warehouse Boise,WHBO1001,Boise,ID,83701,USA,R,43 ft,Butte,Garden City,Reefer,43,Sterling,Twin Falls,Reefer,43
156,apiData,truckMatchANtoDM,Reefer,0,53,Anch Ala warehouse,ANAKW1001,Anchorage,AK,99507,USA,Des Iowa warehouse,DEIAW1001,Des Moines,IA,50304,USA,R,53 ft,Butte,Urbandale,Reefer,53,Sterling,Iowa City,Reefer,53
157,apiData,truckMatchANtoMI,Reefer,0,53,Anch Ala warehouse,ANAKW1001,Anchorage,AK,99507,USA,Mia Flo warehouse,MIFLW1001,Miami,FL,33125,USA,R,53 ft,Butte,Coral Gables,Reefer,53,Sterling,Vero Beach,Reefer,53
158,apiData,truckMatchANtoFA,Van,0,53,Anch Ala warehouse,ANAKW1001,Anchorage,AK,99507,USA,Fair Ala warehouse,FAAKW1001,Fairbanks,AK,99707,USA,V,53 ft,Butte,North Pole,Van,53,Sterling,Cantwell,Van,53
159,apiData,truckMatchANtoTA,Power Only,0,0,Anch Ala warehouse,ANAKW1001,Anchorage,AK,99507,USA,Talla Flo warehouse,TAFLW1001,Tallahassee,FL,32306,USA,PO,0 ft,Wasilla,Gainesville,Power Only,0,Silver Springs,Wakulla Springs,Power Only,0
160,apiData,truckMatchJUtoMEVPO,Van,Power Only,53,June Ala Warehouse,JALW1001,Juneau,AK,99802,USA,Mesa Ari warehouse,MEAZW1001,Mesa,AZ,85211,USA,PO; V,53 ft,Sitka,Chandler,Van,53,Mosquito Lake,Sedona,Power Only,0
161,apiData,truckMatchJUtoME,Power Only,0,0,June Ala Warehouse,JALW1001,Juneau,AK,99802,USA,Mesa Ari warehouse,MEAZW1001,Mesa,AZ,85211,USA,PO,0 ft,Sitka,Chandler,Power Only,0,Mosquito Lake,Sedona,Power Only,0
162,apiData,truckMatchJUtoHE,Flatbed,0,48,June Ala Warehouse,JALW1001,Juneau,AK,99802,USA,Helen Montana warehouse,HMTW1001,Helena,MT,59601,USA,F,48 ft,Mendenhaven,Clancy,Flatbed,48,Mosquito Lake,Loma,Flatbed,48
163,apiData,truckMatchJUtoIN,Flatbed,0,53,June Ala Warehouse,JALW1001,Juneau,AK,99802,USA,Indi Anapolis Warehouse,INANW1001,Indianapolis,IN,46201,USA,F,53 ft,Juneau,Carmel,Flatbed,53,Mosquito Lake,Fort Wayne,Flatbed,53
164,apiData,truckMatchJUtoOM,Flatbed,0,53,June Ala Warehouse,JALW1001,Juneau,AK,99802,USA,Oma Neb Warehouse,OMNEW1001,Omaha,NE,68106,USA,F,53 ft,Thane,Lincoln,Flatbed,53,Mosquito Lake,Norfolk,Flatbed,53
165,apiData,truckMatchJUtoPH,Flatbed,0,53,June Ala Warehouse,JALW1001,Juneau,AK,99802,USA,Pho Ari Warehouse,PHAW1001,Phoenix,AZ,85004,USA,F,53 ft,Thane,Surprise,Flatbed,53,Mosquito Lake,Flagstaff,Flatbed,53
166,apiData,truckMatchJUtoPO,Van,0,53,June Ala Warehouse,JALW1001,Juneau,AK,99802,USA,Port Land Warehouse,POLAW1001,Portland,OR,97202,USA,V,53 ft,Thane,Hillsboro,Van,53,Mendenhaven,Eugene,Van,53
167,apiData,truckMatchHEtoWAVPO,Van,Power Only,53,Helen Montana warehouse,HMTW1001,Helena,MT,59601,USA,Was Alas Warehouse,WALW1001,Wasilla,AK,99629,USA,PO; V,53 ft,Clancy,Houston,Van,53,Loma,Cantwell,Power Only,0
168,apiData,truckMatchHEtoSC,Flatbed,0,53,Helen Montana warehouse,HMTW1001,Helena,MT,59601,USA,Scottsbluff Neb Warehouse,SNW1001,Scottsbluff,NE,69361,USA,F,53 ft,Craig,Bridgeport,Flatbed,53,Loma,Ogallala,Flatbed,53
169,apiData,truckMatchHEtoWA,Power Only,0,0,Helen Montana warehouse,HMTW1001,Helena,MT,59601,USA,Was Alas Warehouse,WALW1001,Wasilla,AK,99629,USA,PO,0 ft,Clancy,Houston,Power Only,0,Loma,Cantwell,Power Only,0
170,apiData,truckMatchHEtoIN,Flatbed,0,53,Helen Montana warehouse,HMTW1001,Helena,MT,59601,USA,Indi Anapolis Warehouse,INANW1001,Indianapolis,IN,46201,USA,F,53 ft,Jefferson City,Carmel,Flatbed,53,Loma,Fort Wayne,Flatbed,53
171,apiData,truckMatchBOtoDM,Reefer,0,53,Warehouse Boise,WHBO1001,Boise,ID,83701,USA,Des Iowa warehouse,DEIAW1001,Des Moines,IA,50304,USA,R,53 ft,Garden City ,Urbandale,Reefer,53,Twin Falls,Iowa City,Reefer,53
172,apiData,truckMatchBOtoRE,Van,0,53,Warehouse Boise,WHBO1001,Boise,ID,83701,USA,Reno Nev warehouse,RENMW1001,Reno,NV,89505,USA,V,53 ft,Garden City ,New Washoe City,Van,53,Twin Falls,Rochester,Van,53
173,apiData,truckMatchBOtoAN,Van,0,53,Warehouse Boise,WHBO1001,Boise,ID,83701,USA,Anch Ala warehouse,ANAKW1001,Anchorage,AK,99507,USA,V,53 ft,Garden City ,Butte,Van,53,Twin Falls,Sterling,Van,53
174,apiData,truckMatchBOtoMI,Reefer,0,53,Warehouse Boise,WHBO1001,Boise,ID,83701,USA,Mia Flo warehouse,MIFLW1001,Miami,FL,33125,USA,R,53 ft,Garden City ,Coral Gables,Reefer,53,Twin Falls,Vero Beach,Reefer,53
175,apiData,truckMatchBOtoSC,Van,0,53,Warehouse Boise,WHBO1001,Boise,ID,83701,USA,Scotts Ari warehouse,SCAZW1001,Scottsdale,AZ,85255,USA,V,53 ft,Garden City ,Gilbert,Van,53,Twin Falls,Chino Valley,Van,53
176,apiData,truckMatchBOtoAL,Reefer,0,53,Warehouse Boise,WHBO1001,Boise,ID,83701,USA,Albuqu NM warehouse,ALNMW1001,Albuquerque,NM,87131,USA,R,53 ft,Garden City ,South Valley,Reefer,53,Twin Falls,Santa Rosa,Reefer,53
177,apiData,truckMatchBOtoLI,Power Only,0,0,Warehouse Boise,WHBO1001,Boise,ID,83701,USA,WareHouse Lincoln,WHLIN1001,Lincoln,NE,68506,USA,PO,0 ft,Garden City ,Gretna,Power Only,0,Twin Falls,Urbandale,Power Only,0
178,apiData,truckMatchBOtoLIVPO,Van,Power Only,53,Warehouse Boise,WHBO1001,Boise,ID,83701,USA,WareHouse Lincoln,WHLIN1001,Lincoln,NE,68506,USA,PO; V,53 ft,Garden City ,Gretna,Van,53,Twin Falls,Urbandale,Power Only,0
179,apiData,truckMatchDMtoAN,Van,0,53,Des Iowa warehouse,DEIAW1001,Des Moines,IA,50304,USA,Anch Ala warehouse,ANAKW1001,Anchorage,AK,99507,USA,V,53 ft,Urbandale,Butte,Van,53,Iowa City,Sterling,Van,53
180,apiData,truckMatchDMtoSC,Reefer,0,53,Des Iowa warehouse,DEIAW1001,Des Moines,IA,50304,USA,Scotts Ari warehouse,SCAZW1001,Scottsdale,AZ,85255,USA,R,53 ft,Urbandale,Gilbert,Reefer,53,Iowa City,Chino Valley,Reefer,53
181,apiData,truckMatchDMtoBO,Reefer,0,53,Des Iowa warehouse,DEIAW1001,Des Moines,IA,50304,USA,Warehouse Boise,WHBO1001,Boise,ID,83701,USA,R,53 ft,Urbandale,Garden City,Reefer,53,Iowa City,Twin Falls,Reefer,53
182,apiData,truckMatchDMtoDA,Van,0,53,Des Iowa warehouse,DEIAW1001,Des Moines,IA,50304,USA,Dal Tex warehosue,DATXW1001,Dallas,TX,75201,USA,V,53 ft,Urbandale,Irving,Van,53,Iowa City,Temple,Van,53
183,apiData,truckMatchDMtoSCF,Power Only,0,0,Des Iowa warehouse,DEIAW1001,Des Moines,IA,50304,USA,Scottsbluff Neb Warehouse,SNW1001,Scottsbluff,NE,69361,USA,PO,0 ft,Urbandale,Gering,Power Only,0,Iowa City,Ogallala,Power Only,0
184,apiData,truckMatchDMtoMI,Reefer,0,53,Des Iowa warehouse,DEIAW1001,Des Moines,IA,50304,USA,Mia Flo warehouse,MIFLW1001,Miami,FL,33125,USA,R,53 ft,Urbandale,Coral Gables,Reefer,53,Iowa City,Vero Beach,Reefer,53
185,apiData,truckMatchDMtoSCFVPO,Van,Power Only,53,Des Iowa warehouse,DEIAW1001,Des Moines,IA,50304,USA,Scottsbluff Neb Warehouse,SNW1001,Scottsbluff,NE,69361,USA,PO; V,53 ft,Urbandale,Gering,Van,53,Iowa City,Ogallala,Power Only,0
186,apiData,truckMatchDMtoRE,Reefer,0,43,Des Iowa warehouse,DEIAW1001,Des Moines,IA,50304,USA,Reno Nev warehouse,RENMW1001,Reno,NV,89505,USA,R,43 ft,Urbandale,New Washoe City,Reefer,43,Iowa City,Rochester,Reefer,43
187,apiData,truckMatchSItoAN,Van,Reefer,43,Sitka Ala warehouse,SIAKW1001,Sitka,AK,99835,USA,Anch Ala warehouse,ANAKW1001,Anchorage,AK,99507,USA,R; V,43 ft,Craig,Sterling,Reefer,43,Sitka,Butte,Van,43
188,apiData,truckMatchSItoTA,Van,Reefer,48,Sitka Ala warehouse,SIAKW1001,Sitka,AK,99835,USA,Talla Flo warehouse,TAFLW1001,Tallahassee,FL,32306,USA,R; V,48 ft,Craig,Gainesville,Reefer,48,Thane,Wakulla Springs,Van,48
189,apiData,truckMatchSItoBO,Power Only,0,0,Sitka Ala warehouse,SIAKW1001,Sitka,AK,99835,USA,Warehouse Boise,WHBO1001,Boise,ID,83701,USA,PO,0 ft,Juneau,Garden City,Power Only,0,Sitka,Twin Falls,Power Only,0
190,apiData,truckMatchSItoBOVPO,Van,Power Only,53,Sitka Ala warehouse,SIAKW1001,Sitka,AK,99835,USA,Warehouse Boise,WHBO1001,Boise,ID,83701,USA,PO; V,53 ft,Juneau,Garden City,Van,53,Sitka,Twin Falls,Power Only,0
191,apiData,truckMatchSItoLC,Van,Reefer,53,Sitka Ala warehouse,SIAKW1001,Sitka,AK,99835,USA,Las NewMexi warehouse,LANMW1001,Las Cruces,NM,88006,USA,R; V,53 ft,Klawock,Ruidoso,Reefer,53,Kake,Hatch,Van,53
192,apiData,truckMatchSItoLI,Van,Reefer,53,Sitka Ala warehouse,SIAKW1001,Sitka,AK,99835,USA,WareHouse Lincoln,WHLIN1001,Lincoln,NE,68506,USA,R; V,53 ft,Craig,Kearney,Reefer,53,Point Baker,Bennet,Van,53
193,apiData,truckMatchSItoME,Van,Reefer,53,Sitka Ala warehouse,SIAKW1001,Sitka,AK,99835,USA,Mesa Ari warehouse,MEAZW1001,Mesa,AZ,85211,USA,R; V,53 ft,Craig,Sedona,Reefer,53,Point Baker,Chandler,Van,53
194,apiData,truckMatchSItoSB,Van,Reefer,53,Sitka Ala warehouse,SIAKW1001,Sitka,AK,99835,USA,San Cali warehouse,SACAW1001,San Bernardino,CA,92405,USA,R; V,53 ft,Craig,Ventura,Van,53,Thane,Rancho Cucamonga,Reefer,53
195,apiData,truckMatchTUtoWA,Flatbed,0,53,Tucs Ari Warehouse,TUAW1001,Tucson,AZ,85701,USA,Was Alas Warehouse,WALW1001,Wasilla,AK,99629,USA,F,53 ft,Vail,Houston,Flatbed,53,Morenci,Cantwell,Flatbed,53
196,apiData,truckMatchTUtoAN,Power Only,0,0,Tucs Ari Warehouse,TUAW1001,Tucson,AZ,85701,USA,Anch Ala warehouse,ANAKW1001,Anchorage,AK,99507,USA,PO,0 ft,Vail,Wasilla,Power Only,0,Morenci,Talkeetna,Power Only,0
197,apiData,truckMatchTUtoCH,Flatbed,0,53,Tucs Ari Warehouse,TUAW1001,Tucson,AZ,85701,USA,Chi Illy Warehouse,CHILW1001,Chicago,IL,60611,USA,F,53 ft,Vail,Bolingbrook,Flatbed,53,Morenci,Champaign,Flatbed,53
198,apiData,truckMatchTUtoANVPO,Van,Power Only,53,Tucs Ari Warehouse,TUAW1001,Tucson,AZ,85701,USA,Anch Ala warehouse,ANAKW1001,Anchorage,AK,99507,USA,PO; V,53 ft,Vail,Wasilla,Van,53,Morenci,Talkeetna,Power Only,0
199,apiData,truckMatchTUtoPH,Flatbed,0,53,Tucs Ari Warehouse,TUAW1001,Tucson,AZ,85701,USA,Pho Ari Warehouse,PHAW1001,Phoenix,AZ,85004,USA,F,53 ft,Vail,Surprise,Flatbed,53,Morenci,Flagstaff,Flatbed,53
